<?xml version="1.0" encoding="UTF-8" ?>
<!DOCTYPE mapper PUBLIC "-//mybatis.org//DTD Mapper 3.0//EN"
        "http://mybatis.org/dtd/mybatis-3-mapper.dtd">
<mapper namespace="com.example.blog_board.mapper.BoardMapper">

    <select id="boardCount" resultType="int">
        SELECT count(BoardId) AS cbt FROM tbl_board;
    </select>

    <select id="boardList" resultType="com.example.blog_board.domain.Board">
        SELECT
            *
        FROM tbl_board;
    </select>

    <select id ="findById" parameterType="Long" resultType="com.example.blog_board.domain.Board">
        SELECT * FROM tbl_board WHERE boardId=#{boardId};
    </select>

    <insert id ="save" parameterType="com.example.blog_board.domain.Board" useGeneratedKeys="true" keyProperty="boardId">
        INSERT INTO tbl_board (title, content, name) VALUES (#{title}, #{content}, #{name});
    </insert>

    <update id ="update" parameterType="com.example.blog_board.domain.Board">
        UPDATE tbl_board
        SET title = #{title}, content = #{content}, name = #{name}
        WHERE boardId = #{boardId};
    </update>

    <delete id ="delete" parameterType="Long">
        DELETE
        FROM tbl_board
        WHERE boardId = #{boardId};
    </delete>

    <update id="readCntUp" parameterType="Long">
        UPDATE tbl_board
        SET readCnt = readCnt+1
        WHERE boardId = #{boardId};
    </update>

</mapper>